id;payment_state;payment_method;payment_date
1;which stark other;lieu;2024-10-18T07:17:51
2;sardonic valley;save;2024-10-17T18:15:04
3;deafening;delightfully untidy gee;2024-10-17T16:35:45
4;of up cake;pish towards;2024-10-17T22:45:15
5;to;gadzooks oh even;2024-10-17T18:44:09
6;whoever;unaccountably within what;2024-10-17T19:05:19
7;furthermore;despite;2024-10-17T21:27:25
8;fooey;an blah;2024-10-18T00:18:39
9;hollow hydrolyze;with cinema;2024-10-18T06:33:05
10;nor;circa indeed;2024-10-17T11:55:28
